table_name,column_name,data_type,total_count,null_count,not_null_count,nan_count,percent_null,distinct_count,unique_count,not_unique_count,percent_distinct,min_value,max_value,mean,median,std_dev,q1_25,q2_50_median,q3_75,zero_count,percent_zeros,min_length,max_length,avg_length,min_size,max_size,avg_size,most_frequent_value,highest_frequency,lowest_frequency,top_10_values,top_10_frequencies
olist_customers_dataset,customer_id,object,99441,0,99441,0,0.0,99441,99441,0,100.0,,,,,,,,,0,0.0,32,32,32.0,32.0,32.0,32.0,06b8999e2fba1a1fbc88172c00ba8bc7,1,1,"['06b8999e2fba1a1fbc88172c00ba8bc7', 'c023f30c1147aeb0358474f3b1dbc707', 'b5cbf43f42281920a175fc99650c91d6', '19f4e983f8f05b7de16670f8a0cf0ac7', '229ac14c6ee6d6a606264ebcc861beb7', '8cd118ecfb9703463ef9670b1d18a26e', '8b7369c82ac3d8d71b77d5b23b085696', '4b7decb9b58e2569548b8b4c8e20e8d7', 'a30378a29ac174b9a1a158ce067e1fd2', '1d99b48c0fe6d0bc50feebecdc88cbc2']","[np.int64(1), np.int64(1), np.int64(1), np.int64(1), np.int64(1), np.int64(1), np.int64(1), np.int64(1), np.int64(1), np.int64(1)]"
olist_customers_dataset,customer_unique_id,object,99441,0,99441,0,0.0,96096,93099,6342,96.63619633752677,,,,,,,,,0,0.0,32,32,32.0,32.0,32.0,32.0,8d50f5eadf50201ccdcedfb9e2ac8455,17,1,"['8d50f5eadf50201ccdcedfb9e2ac8455', '3e43e6105506432c953e165fb2acf44c', '1b6c7548a2a1f9037c1fd3ddfed95f33', 'ca77025e7201e3b30c44b472ff346268', '6469f99c1f9dfae7733b25662e7f1782', '63cfc61cee11cbe306bff5857d00bfe4', '47c1a3033b8b77b3ab6e109eb4d5fdf3', '12f5d6e1cbf93dafd9dcc19095df0b3d', 'de34b16117594161a6a89c50b289d35a', 'dc813062e0fc23409cd255f7f53c7074']","[np.int64(17), np.int64(9), np.int64(7), np.int64(7), np.int64(7), np.int64(6), np.int64(6), np.int64(6), np.int64(6), np.int64(6)]"
olist_customers_dataset,customer_zip_code_prefix,int64,99441,0,99441,0,0.0,14994,3012,96429,15.078287627839623,1003.0,99990.0,35137.47458291851,24416.0,29797.938996206536,11347.0,24416.0,58900.0,0,0.0,4,5,4.758701139369073,,,,22790,142,1,"[22790, 24220, 22793, 24230, 22775, 29101, 13212, 35162, 22631, 38400]","[np.int64(142), np.int64(124), np.int64(121), np.int64(117), np.int64(110), np.int64(101), np.int64(95), np.int64(93), np.int64(89), np.int64(87)]"
olist_customers_dataset,customer_city,object,99441,0,99441,0,0.0,4119,1144,98297,4.142154644462546,,,,,,,,,0,0.0,3,32,10.344465562494344,3.0,32.0,10.344465562494344,sao paulo,15540,1,"['sao paulo', 'rio de janeiro', 'belo horizonte', 'brasilia', 'curitiba', 'campinas', 'porto alegre', 'salvador', 'guarulhos', 'sao bernardo do campo']","[np.int64(15540), np.int64(6882), np.int64(2773), np.int64(2131), np.int64(1521), np.int64(1444), np.int64(1379), np.int64(1245), np.int64(1189), np.int64(938)]"
olist_customers_dataset,customer_state,object,99441,0,99441,0,0.0,27,0,99441,0.027151778441487917,,,,,,,,,0,0.0,2,2,2.0,2.0,2.0,2.0,SP,41746,46,"['SP', 'RJ', 'MG', 'RS', 'PR', 'SC', 'BA', 'DF', 'ES', 'GO']","[np.int64(41746), np.int64(12852), np.int64(11635), np.int64(5466), np.int64(5045), np.int64(3637), np.int64(3380), np.int64(2140), np.int64(2033), np.int64(2020)]"
olist_geolocation_dataset,geolocation_zip_code_prefix,int64,1000163,0,1000163,0,0.0,19015,1043,999120,1.9011901060127199,1001.0,99990.0,36574.16646586607,26530.0,30549.33571032424,11075.0,26530.0,63504.0,0,0.0,4,5,4.754307047951184,,,,24220,1146,1,"[24220, 24230, 38400, 35500, 11680, 22631, 30140, 11740, 38408, 28970]","[np.int64(1146), np.int64(1102), np.int64(965), np.int64(907), np.int64(879), np.int64(832), np.int64(810), np.int64(788), np.int64(773), np.int64(743)]"
olist_geolocation_dataset,geolocation_lat,float64,1000163,0,1000163,0,0.0,717363,584674,415489,71.72460888875113,-36.6053744107061,45.06593318269697,-21.176152910383962,-22.91937749486411,5.715866308822976,-23.60354554038031,-22.91937749486411,-19.97962033957529,0,0.0,7,19,18.455108817262786,,,,-27.102098999999946,314,1,"[-27.102098999999946, -23.495901469908656, -23.506049208479613, -23.490617505282753, -23.00551425914832, -22.965905556986495, -23.004582245036413, -15.841450954140925, -23.53718574381104, -23.49189491395926]","[np.int64(314), np.int64(190), np.int64(141), np.int64(127), np.int64(102), np.int64(89), np.int64(89), np.int64(85), np.int64(83), np.int64(82)]"
olist_geolocation_dataset,geolocation_lng,float64,1000163,0,1000163,0,0.0,717615,585030,415133,71.74980478182056,-101.46676644931476,121.10539381057764,-46.390541320935775,-46.63787866960149,4.26974830661962,-48.573172180526896,-46.63787866960149,-43.7677088028139,0,0.0,7,19,18.1033611521322,,,,-48.62961349999995,314,1,"[-48.62961349999995, -46.87468669635919, -46.71737739541604, -46.86900366603934, -43.37596441256672, -46.54629394463038, -43.319899315692446, -43.38999869671641, -48.024025688112914, -46.59403568082404]","[np.int64(314), np.int64(190), np.int64(141), np.int64(127), np.int64(102), np.int64(91), np.int64(89), np.int64(89), np.int64(85), np.int64(83)]"
olist_geolocation_dataset,geolocation_city,object,1000163,0,1000163,0,0.0,8011,823,999340,0.800969441980957,,,,,,,,,0,0.0,2,38,10.468264672858323,2.0,38.0,10.468264672858323,sao paulo,135800,1,"['sao paulo', 'rio de janeiro', 'belo horizonte', 'são paulo', 'curitiba', 'porto alegre', 'salvador', 'guarulhos', 'brasilia', 'sao bernardo do campo']","[np.int64(135800), np.int64(62151), np.int64(27805), np.int64(24918), np.int64(16593), np.int64(13521), np.int64(11865), np.int64(11340), np.int64(10470), np.int64(8112)]"
olist_geolocation_dataset,geolocation_state,object,1000163,0,1000163,0,0.0,27,0,1000163,0.002699559971724609,,,,,,,,,0,0.0,2,2,2.0,2.0,2.0,2.0,SP,404268,646,"['SP', 'MG', 'RJ', 'RS', 'PR', 'SC', 'BA', 'GO', 'ES', 'PE']","[np.int64(404268), np.int64(126336), np.int64(121169), np.int64(61851), np.int64(57859), np.int64(38328), np.int64(36045), np.int64(20139), np.int64(16748), np.int64(16432)]"
olist_order_items_dataset,order_id,object,112650,0,112650,0,0.0,98666,88863,23787,87.58632933865957,,,,,,,,,0,0.0,32,32,32.0,32.0,32.0,32.0,8272b63d03f5f79c56e9e4120aec44ef,21,1,"['8272b63d03f5f79c56e9e4120aec44ef', '1b15974a0141d54e36626dca3fdc731a', 'ab14fdcfbe524636d65ee38360e22ce8', '9ef13efd6949e4573a18964dd1bbe7f5', '428a2f660dc84138d969ccd69a0ab6d5', '9bdc4d4c71aa1de4606060929dee888c', '73c8ab38f07dc94389065f7eba4f297a', '37ee401157a3a0b28c9c6d0ed8c3b24b', '2c2a19b5703863c908512d135aa6accc', 'c05d6a79e55da72ca780ce90364abed9']","[np.int64(21), np.int64(20), np.int64(20), np.int64(15), np.int64(15), np.int64(14), np.int64(14), np.int64(13), np.int64(12), np.int64(12)]"
olist_order_items_dataset,order_item_id,int64,112650,0,112650,0,0.0,21,1,112649,0.018641810918774968,1.0,21.0,1.1978339991122948,1.0,0.7051240313956294,1.0,1.0,1.0,0,0.0,1,2,1.0008078118064803,,,,1,98666,1,"[1, 2, 3, 4, 5, 6, 7, 8, 9, 10]","[np.int64(98666), np.int64(9803), np.int64(2287), np.int64(965), np.int64(460), np.int64(256), np.int64(58), np.int64(36), np.int64(28), np.int64(25)]"
olist_order_items_dataset,product_id,object,112650,0,112650,0,0.0,32951,18117,94533,29.250776742121616,,,,,,,,,0,0.0,32,32,32.0,32.0,32.0,32.0,aca2eb7d00ea1a7b8ebd4e68314663af,527,1,"['aca2eb7d00ea1a7b8ebd4e68314663af', '99a4788cb24856965c36a24e339b6058', '422879e10f46682990de24d770e7f83d', '389d119b48cf3043d311335e499d9c6b', '368c6c730842d78016ad823897a372db', '53759a2ecddad2bb87a079a1f1519f73', 'd1c427060a0f73f6b889a5c7c61f2ac4', '53b36df67ebb7c41585e8d54d6772e08', '154e7e31ebfa092203795c972e5804a6', '3dd2a17168ec895c781a9191c1e95ad7']","[np.int64(527), np.int64(488), np.int64(484), np.int64(392), np.int64(388), np.int64(373), np.int64(343), np.int64(323), np.int64(281), np.int64(274)]"
olist_order_items_dataset,seller_id,object,112650,0,112650,0,0.0,3095,509,112141,2.7474478473146915,,,,,,,,,0,0.0,32,32,32.0,32.0,32.0,32.0,6560211a19b47992c3666cc44a7e94c0,2033,1,"['6560211a19b47992c3666cc44a7e94c0', '4a3ca9315b744ce9f8e9374361493884', '1f50f920176fa81dab994f9023523100', 'cc419e0650a3c5ba77189a1882b7556a', 'da8622b14eb17ae2831f4ac5b9dab84a', '955fee9216a65b617aa5c0531780ce60', '1025f0e2d44d7041d6cf58b6550e0bfa', '7c67e1448b00f6e969d365cea6b010ab', 'ea8482cd71df3c1969d7b9473ff13abc', '7a67c85e85bb2ce8582c35f2203ad736']","[np.int64(2033), np.int64(1987), np.int64(1931), np.int64(1775), np.int64(1551), np.int64(1499), np.int64(1428), np.int64(1364), np.int64(1203), np.int64(1171)]"
olist_order_items_dataset,shipping_limit_date,object,112650,0,112650,0,0.0,93318,79836,32814,82.83888149134488,,,,,,,,,0,0.0,19,19,19.0,19.0,19.0,19.0,2017-07-21 18:25:23,21,1,"['2017-07-21 18:25:23', '2018-03-01 02:50:48', '2017-08-30 14:30:23', '2017-02-03 21:44:49', '2017-12-21 02:30:41', '2017-11-30 10:30:51', '2018-02-28 11:48:12', '2018-04-19 02:30:52', '2018-04-25 22:11:43', '2018-06-13 17:30:35']","[np.int64(21), np.int64(21), np.int64(20), np.int64(15), np.int64(15), np.int64(15), np.int64(14), np.int64(13), np.int64(13), np.int64(13)]"
olist_order_items_dataset,price,float64,112650,0,112650,0,0.0,5968,2342,110308,5.297825122059476,0.85,6735.0,120.65373901464713,74.99,183.633928050254,39.9,74.99,134.9,0,0.0,3,7,4.64046160674656,,,,59.9,2481,1,"[59.9, 69.9, 49.9, 89.9, 99.9, 39.9, 29.9, 79.9, 19.9, 29.99]","[np.int64(2481), np.int64(1987), np.int64(1953), np.int64(1548), np.int64(1432), np.int64(1339), np.int64(1318), np.int64(1214), np.int64(1201), np.int64(1176)]"
olist_order_items_dataset,freight_value,float64,112650,0,112650,0,0.0,6999,2075,110575,6.213049267643143,0.0,409.68,19.990319928983578,16.26,15.806405412296852,13.08,16.26,21.15,383,0.33999112294718153,3,6,4.728832667554372,,,,15.1,3707,1,"[15.1, 7.78, 14.1, 11.85, 18.23, 7.39, 16.11, 15.23, 8.72, 16.79]","[np.int64(3707), np.int64(2262), np.int64(1875), np.int64(1846), np.int64(1575), np.int64(1521), np.int64(1152), np.int64(1010), np.int64(921), np.int64(873)]"
olist_order_payments_dataset,order_id,object,103886,0,103886,0,0.0,99440,96479,7407,95.72030880003081,,,,,,,,,0,0.0,32,32,32.0,32.0,32.0,32.0,fa65dad1b0e818e3ccc5cb0e39231352,29,1,"['fa65dad1b0e818e3ccc5cb0e39231352', 'ccf804e764ed5650cd8759557269dc13', '285c2e15bebd4ac83635ccc563dc71f4', '895ab968e7bb0d5659d16cd74cd1650c', 'fedcd9f7ccdc8cba3a18defedd1a5547', 'ee9ca989fc93ba09a6eddc250ce01742', '4bfcba9e084f46c8e3cb49b0fa6e6159', '21577126c19bf11a0b91592e5844ba78', '3c58bffb70dcf45f12bdf66a3c215905', '4689b1816de42507a7d63a4617383c59']","[np.int64(29), np.int64(26), np.int64(22), np.int64(21), np.int64(19), np.int64(19), np.int64(15), np.int64(15), np.int64(14), np.int64(14)]"
olist_order_payments_dataset,payment_sequential,int64,103886,0,103886,0,0.0,29,3,103883,0.02791521475463489,1.0,29.0,1.0926785129853878,1.0,0.7065837791945014,1.0,1.0,1.0,0,0.0,1,2,1.0015497757156884,,,,1,99360,1,"[1, 2, 3, 4, 5, 6, 7, 8, 9, 10]","[np.int64(99360), np.int64(3039), np.int64(581), np.int64(278), np.int64(170), np.int64(118), np.int64(82), np.int64(54), np.int64(43), np.int64(34)]"
olist_order_payments_dataset,payment_type,object,103886,0,103886,0,0.0,5,0,103886,0.004812968061143946,,,,,,,,,0,0.0,6,11,9.810725218027454,6.0,11.0,9.810725218027454,credit_card,76795,3,"['credit_card', 'boleto', 'voucher', 'debit_card', 'not_defined']","[np.int64(76795), np.int64(19784), np.int64(5775), np.int64(1529), np.int64(3)]"
olist_order_payments_dataset,payment_installments,int64,103886,0,103886,0,0.0,24,2,103884,0.02310224669349094,0.0,24.0,2.853348863176944,1.0,2.6870506738557367,1.0,1.0,4.0,2,0.0019251872244575785,1,2,1.05456943187725,,,,1,52546,1,"[1, 2, 3, 4, 10, 5, 8, 6, 7, 9]","[np.int64(52546), np.int64(12413), np.int64(10461), np.int64(7098), np.int64(5328), np.int64(5239), np.int64(4268), np.int64(3920), np.int64(1626), np.int64(644)]"
olist_order_payments_dataset,payment_value,float64,103886,0,103886,0,0.0,29077,13099,90787,27.989334462776505,0.0,13664.08,154.10038041699556,100.0,217.49406386472577,56.79,100.0,171.8375,9,0.008663342510059104,3,8,5.3588067689582815,,,,50.0,324,1,"[50.0, 20.0, 100.0, 77.57, 35.0, 73.34, 30.0, 116.94, 56.78, 107.78]","[np.int64(324), np.int64(274), np.int64(255), np.int64(250), np.int64(165), np.int64(160), np.int64(133), np.int64(131), np.int64(122), np.int64(116)]"
olist_order_reviews_dataset,review_id,object,99224,0,99224,0,0.0,98410,97621,1603,99.17963395952593,,,,,,,,,0,0.0,32,32,32.0,32.0,32.0,32.0,7b606b0d57b078384f0b58eac1d41d78,3,1,"['7b606b0d57b078384f0b58eac1d41d78', 'dbdf1ea31790c8ecfcc6750525661a9b', '32415bbf6e341d5d517080a796f79b5c', '0c76e7a547a531e7bf9f0b99cba071c1', '4219a80ab469e3fc9901437b73da3f75', 'abbfacb2964f74f6487c9c10ac46daa6', 'e44840754f12fad2b8646712121b349a', '70509c441d994fa03d6c1457930c9024', '2172867fd5b1a55f98fe4608e1547b4b', '832acec9bbf4efe65c3fb6423d8b4ed7']","[np.int64(3), np.int64(3), np.int64(3), np.int64(3), np.int64(3), np.int64(3), np.int64(3), np.int64(3), np.int64(3), np.int64(3)]"
olist_order_reviews_dataset,order_id,object,99224,0,99224,0,0.0,98673,98126,1098,99.44469080061276,,,,,,,,,0,0.0,32,32,32.0,32.0,32.0,32.0,c88b1d1b157a9999ce368f218a407141,3,1,"['c88b1d1b157a9999ce368f218a407141', '8e17072ec97ce29f0e1f111e598b0c85', 'df56136b8031ecd28e200bb18e6ddb2e', '03c939fd7fd3b38f8485a0f95798f1f6', '5cb890a68b91b6158d69257e4e2bc359', '2143393cca994a4b8235bc1d67ded772', '25320e12b3d6e8f54f17389037588bba', '0176a6846bcb3b0d3aa3116a9a768597', 'd9e44c3fd2ce16086619f299e92e12d8', '21cb4961399b846b168d0358100f473b']","[np.int64(3), np.int64(3), np.int64(3), np.int64(3), np.int64(2), np.int64(2), np.int64(2), np.int64(2), np.int64(2), np.int64(2)]"
olist_order_reviews_dataset,review_score,int64,99224,0,99224,0,0.0,5,0,99224,0.005039103442715472,1.0,5.0,4.08642062404257,5.0,1.3475791311148884,4.0,5.0,5.0,0,0.0,1,1,1.0,,,,5,57328,3151,"[5, 4, 1, 3, 2]","[np.int64(57328), np.int64(19142), np.int64(11424), np.int64(8179), np.int64(3151)]"
olist_order_reviews_dataset,review_comment_title,object,99224,87656,11568,87656,88.34153027493349,4527,3763,95461,4.562404257034588,,,,,,,,,0,0.0,1,26,11.945020746887966,1.0,26.0,11.945020746887966,Recomendo,423,1,"['Recomendo', 'recomendo', 'Bom', 'super recomendo', 'Excelente', 'Muito bom', 'Ótimo', 'Super recomendo', 'Ótimo ', 'Otimo']","[np.int64(423), np.int64(345), np.int64(293), np.int64(270), np.int64(248), np.int64(247), np.int64(240), np.int64(217), np.int64(207), np.int64(174)]"
olist_order_reviews_dataset,review_comment_message,object,99224,58247,40977,58247,58.70253164556962,36159,34977,64247,36.44178827702975,,,,,,,,,0,0.0,1,208,68.63767479317666,1.0,208.0,68.63767479317666,Muito bom,230,1,"['Muito bom', 'Bom', 'muito bom', 'bom', 'Recomendo', 'Otimo', 'otimo', 'Ótimo', 'Ótimo ', 'Ok']","[np.int64(230), np.int64(189), np.int64(122), np.int64(107), np.int64(100), np.int64(99), np.int64(96), np.int64(77), np.int64(74), np.int64(72)]"
olist_order_reviews_dataset,review_creation_date,object,99224,0,99224,0,0.0,636,29,99195,0.640973957913408,,,,,,,,,0,0.0,19,19,19.0,19.0,19.0,19.0,2017-12-19 00:00:00,463,1,"['2017-12-19 00:00:00', '2018-08-28 00:00:00', '2017-12-20 00:00:00', '2018-05-19 00:00:00', '2018-05-15 00:00:00', '2018-08-14 00:00:00', '2018-03-29 00:00:00', '2018-05-22 00:00:00', '2018-05-04 00:00:00', '2018-04-12 00:00:00']","[np.int64(463), np.int64(452), np.int64(440), np.int64(434), np.int64(425), np.int64(423), np.int64(421), np.int64(414), np.int64(412), np.int64(408)]"
olist_order_reviews_dataset,review_answer_timestamp,object,99224,0,99224,0,0.0,98248,97303,1921,99.01636700798194,,,,,,,,,0,0.0,19,19,19.0,19.0,19.0,19.0,2017-06-15 23:21:05,4,1,"['2017-06-15 23:21:05', '2018-02-26 15:53:18', '2018-04-07 21:13:05', '2017-02-21 23:30:22', '2017-08-12 14:35:35', '2018-06-17 23:48:04', '2018-02-23 10:58:06', '2017-06-25 14:04:22', '2018-08-06 00:09:52', '2017-08-30 11:18:29']","[np.int64(4), np.int64(3), np.int64(3), np.int64(3), np.int64(3), np.int64(3), np.int64(3), np.int64(3), np.int64(3), np.int64(3)]"
olist_orders_dataset,order_id,object,99441,0,99441,0,0.0,99441,99441,0,100.0,,,,,,,,,0,0.0,32,32,32.0,32.0,32.0,32.0,e481f51cbdc54678b7cc49136f2d6af7,1,1,"['e481f51cbdc54678b7cc49136f2d6af7', 'f01059d0d674e1282df4e8fbbe015aa2', 'fbc17f0f2a2125054d5ac5c22d2d5120', '9373150545066777b1cd2bc20e93cf8e', '917399e96f92268dfa2c0351b1b75fba', 'ed1691ef26bd8279bd5946561af1ff0d', 'dc3006aa87f57332aaff74c57a5e094d', 'f53eae1ce47dc68e8da117dd0d7feef1', '94bce2ab6f38b41d29ebbd9d755677bf', '632f22d24375715fbfa8c0ae2e5d35b7']","[np.int64(1), np.int64(1), np.int64(1), np.int64(1), np.int64(1), np.int64(1), np.int64(1), np.int64(1), np.int64(1), np.int64(1)]"
olist_orders_dataset,customer_id,object,99441,0,99441,0,0.0,99441,99441,0,100.0,,,,,,,,,0,0.0,32,32,32.0,32.0,32.0,32.0,9ef432eb6251297304e76186b10a928d,1,1,"['9ef432eb6251297304e76186b10a928d', '413f7e58270a32396af030a075b924be', 'eb4350b67a0264c67e5e06a038e4afbb', '622b07d262d545d16efbd4363a89cb91', 'c701fbfa77791abd05eef9eacf7ea7a8', '99ce553a3ac79b26416f2adca143760e', '50900ea3519ead20da341b41081736e9', 'a4fe94a051d268fbbe8e4ca932ebc460', 'ba712872211b52224c61d5bedfc1bfcf', 'f8b67d327058afa39382991d7173b1d7']","[np.int64(1), np.int64(1), np.int64(1), np.int64(1), np.int64(1), np.int64(1), np.int64(1), np.int64(1), np.int64(1), np.int64(1)]"
olist_orders_dataset,order_status,object,99441,0,99441,0,0.0,8,0,99441,0.008044971390070493,,,,,,,,,0,0.0,7,11,8.98344747136493,7.0,11.0,8.98344747136493,delivered,96478,2,"['delivered', 'shipped', 'canceled', 'unavailable', 'invoiced', 'processing', 'created', 'approved']","[np.int64(96478), np.int64(1107), np.int64(625), np.int64(609), np.int64(314), np.int64(301), np.int64(5), np.int64(2)]"
olist_orders_dataset,order_purchase_timestamp,object,99441,0,99441,0,0.0,98875,98319,1122,99.43081827415251,,,,,,,,,0,0.0,19,19,19.0,19.0,19.0,19.0,2018-04-11 10:48:14,3,1,"['2018-04-11 10:48:14', '2018-07-28 13:11:22', '2017-11-20 10:59:08', '2018-08-02 12:05:26', '2018-08-02 12:06:09', '2018-06-01 13:39:44', '2018-03-31 15:08:21', '2018-02-19 15:37:47', '2018-08-02 12:06:07', '2017-11-20 11:46:30']","[np.int64(3), np.int64(3), np.int64(3), np.int64(3), np.int64(3), np.int64(3), np.int64(3), np.int64(3), np.int64(3), np.int64(3)]"
olist_orders_dataset,order_approved_at,object,99441,160,99281,160,0.1608994278014099,90733,83688,15753,91.24304864190826,,,,,,,,,0,0.0,19,19,19.0,19.0,19.0,19.0,2018-02-27 04:31:10,9,1,"['2018-02-27 04:31:10', '2017-11-07 07:30:38', '2018-02-27 04:31:01', '2018-02-06 05:31:52', '2017-11-07 07:30:29', '2018-01-10 10:32:03', '2017-12-05 10:30:42', '2018-07-05 16:33:01', '2018-05-15 03:55:59', '2017-11-07 07:30:50']","[np.int64(9), np.int64(7), np.int64(7), np.int64(7), np.int64(7), np.int64(7), np.int64(7), np.int64(7), np.int64(6), np.int64(6)]"
olist_orders_dataset,order_delivered_carrier_date,object,99441,1783,97658,1783,1.7930229985619612,81018,70926,28515,81.47343651009142,,,,,,,,,0,0.0,19,19,19.0,19.0,19.0,19.0,2018-05-09 15:48:00,47,1,"['2018-05-09 15:48:00', '2018-05-10 18:29:00', '2018-05-07 12:31:00', '2018-05-02 15:15:00', '2018-07-24 16:07:00', '2018-05-16 13:44:00', '2018-08-03 15:10:00', '2018-07-17 14:16:00', '2018-08-08 15:01:00', '2018-05-02 12:26:00']","[np.int64(47), np.int64(32), np.int64(21), np.int64(16), np.int64(16), np.int64(15), np.int64(15), np.int64(15), np.int64(15), np.int64(14)]"
olist_orders_dataset,order_delivered_customer_date,object,99441,2965,96476,2965,2.981667521444877,95664,94860,4581,96.20176788246296,,,,,,,,,0,0.0,19,19,19.0,19.0,19.0,19.0,2018-05-08 23:38:46,3,1,"['2018-05-08 23:38:46', '2016-10-27 17:32:07', '2018-02-14 21:09:19', '2017-06-19 18:47:51', '2018-05-08 19:36:48', '2017-12-02 00:26:45', '2018-05-14 20:02:44', '2018-07-24 21:36:42', '2018-02-08 22:23:05', '2018-06-20 16:56:57']","[np.int64(3), np.int64(3), np.int64(3), np.int64(3), np.int64(3), np.int64(3), np.int64(3), np.int64(3), np.int64(2), np.int64(2)]"
olist_orders_dataset,order_estimated_delivery_date,object,99441,0,99441,0,0.0,459,21,99420,0.4615802335052946,,,,,,,,,0,0.0,19,19,19.0,19.0,19.0,19.0,2017-12-20 00:00:00,522,1,"['2017-12-20 00:00:00', '2018-03-12 00:00:00', '2018-05-29 00:00:00', '2018-03-13 00:00:00', '2018-02-14 00:00:00', '2017-12-18 00:00:00', '2018-05-28 00:00:00', '2018-03-06 00:00:00', '2018-02-06 00:00:00', '2018-04-12 00:00:00']","[np.int64(522), np.int64(516), np.int64(513), np.int64(513), np.int64(507), np.int64(493), np.int64(492), np.int64(492), np.int64(491), np.int64(490)]"
olist_products_dataset,product_id,object,32951,0,32951,0,0.0,32951,32951,0,100.0,,,,,,,,,0,0.0,32,32,32.0,32.0,32.0,32.0,1e9e8ef04dbcff4541ed26657ea517e5,1,1,"['1e9e8ef04dbcff4541ed26657ea517e5', 'd05cc9afc85771f597cf4bc9d8f12546', '71b7afd92c42feab780d5ea512fc7348', '5c5f3e091101bea69642eb3dd145b17d', '16d47089f9bc7f16de16cc4bd3b9dd49', 'b8be700cb8f91067761b685ac5d1664f', '2db85e45ff15b96518baa00fdacdc6c6', 'bf348f19164cdedd0ae1cf7b1d72fede', '97de49733ccaac64d122444d8db709d1', '7ce94ab189134e2d3c05f496d635419c']","[np.int64(1), np.int64(1), np.int64(1), np.int64(1), np.int64(1), np.int64(1), np.int64(1), np.int64(1), np.int64(1), np.int64(1)]"
olist_products_dataset,product_category_name,object,32951,610,32341,610,1.8512336499650999,73,1,32950,0.22154107614336438,,,,,,,,,0,0.0,3,46,14.958659286973193,3.0,46.0,14.958659286973193,cama_mesa_banho,3029,1,"['cama_mesa_banho', 'esporte_lazer', 'moveis_decoracao', 'beleza_saude', 'utilidades_domesticas', 'automotivo', 'informatica_acessorios', 'brinquedos', 'relogios_presentes', 'telefonia']","[np.int64(3029), np.int64(2867), np.int64(2657), np.int64(2444), np.int64(2335), np.int64(1900), np.int64(1639), np.int64(1411), np.int64(1329), np.int64(1134)]"
olist_products_dataset,product_name_lenght,float64,32951,610,32341,610,1.8512336499650999,66,7,32944,0.2002974113076993,5.0,76.0,48.47694876472589,51.0,10.245740725237479,42.0,51.0,57.0,0,0.0,3,4,3.999536192449213,,,,60.0,2182,1,"[60.0, 59.0, 58.0, 57.0, 55.0, 56.0, 54.0, 53.0, 52.0, 50.0]","[np.int64(2182), np.int64(2025), np.int64(1887), np.int64(1719), np.int64(1683), np.int64(1675), np.int64(1439), np.int64(1330), np.int64(1259), np.int64(1039)]"
olist_products_dataset,product_description_lenght,float64,32951,610,32341,610,1.8512336499650999,2960,669,32282,8.98303541622409,4.0,3992.0,771.4952846232337,595.0,635.1152246349546,339.0,595.0,972.0,0,0.0,3,6,5.22281314739804,,,,404.0,94,1,"[404.0, 729.0, 651.0, 703.0, 236.0, 184.0, 303.0, 352.0, 375.0, 246.0]","[np.int64(94), np.int64(86), np.int64(66), np.int64(66), np.int64(65), np.int64(65), np.int64(63), np.int64(62), np.int64(60), np.int64(58)]"
olist_products_dataset,product_photos_qty,float64,32951,610,32341,610,1.8512336499650999,19,2,32949,0.0576613759825195,1.0,20.0,2.1889861166939797,1.0,1.7367656379315015,1.0,1.0,3.0,0,0.0,3,4,3.006462385207631,,,,1.0,16489,1,"[1.0, 2.0, 3.0, 4.0, 5.0, 6.0, 7.0, 8.0, 9.0, 10.0]","[np.int64(16489), np.int64(6263), np.int64(3860), np.int64(2428), np.int64(1484), np.int64(968), np.int64(343), np.int64(192), np.int64(105), np.int64(95)]"
olist_products_dataset,product_weight_g,float64,32951,2,32949,2,0.006069618524475737,2204,1035,31916,6.688719613972262,0.0,40425.0,2276.4724877841513,700.0,4282.038730977634,300.0,700.0,1900.0,4,0.012139237048951474,3,7,5.450575131263467,,,,200.0,2084,1,"[200.0, 300.0, 150.0, 400.0, 100.0, 500.0, 250.0, 600.0, 350.0, 700.0]","[np.int64(2084), np.int64(1561), np.int64(1259), np.int64(1206), np.int64(1188), np.int64(1112), np.int64(1001), np.int64(957), np.int64(832), np.int64(748)]"
olist_products_dataset,product_length_cm,float64,32951,2,32949,2,0.006069618524475737,99,1,32950,0.30044611696154894,7.0,105.0,30.81507784758263,25.0,16.91445805406699,18.0,25.0,38.0,0,0.0,3,5,4.009954778597226,,,,16.0,5520,1,"[16.0, 20.0, 30.0, 18.0, 25.0, 17.0, 19.0, 40.0, 22.0, 35.0]","[np.int64(5520), np.int64(2816), np.int64(2029), np.int64(1502), np.int64(1387), np.int64(1310), np.int64(1270), np.int64(1224), np.int64(972), np.int64(968)]"
olist_products_dataset,product_height_cm,float64,32951,2,32949,2,0.006069618524475737,102,3,32948,0.3095505447482626,2.0,105.0,16.937661234028347,13.0,13.637554061749832,8.0,13.0,21.0,0,0.0,3,5,3.70250993960363,,,,10.0,2548,1,"[10.0, 15.0, 20.0, 16.0, 11.0, 5.0, 12.0, 8.0, 2.0, 7.0]","[np.int64(2548), np.int64(2022), np.int64(1991), np.int64(1595), np.int64(1551), np.int64(1529), np.int64(1522), np.int64(1467), np.int64(1357), np.int64(1235)]"
olist_products_dataset,product_width_cm,float64,32951,2,32949,2,0.006069618524475737,95,9,32942,0.2883068799125975,6.0,118.0,23.196728277034204,20.0,12.07904745322808,15.0,20.0,30.0,0,0.0,3,5,3.999848250326262,,,,11.0,3718,1,"[11.0, 20.0, 16.0, 15.0, 30.0, 12.0, 25.0, 14.0, 13.0, 17.0]","[np.int64(3718), np.int64(3053), np.int64(2808), np.int64(2393), np.int64(1786), np.int64(1536), np.int64(1329), np.int64(1264), np.int64(1133), np.int64(1118)]"
olist_sellers_dataset,seller_id,object,3095,0,3095,0,0.0,3095,3095,0,100.0,,,,,,,,,0,0.0,32,32,32.0,32.0,32.0,32.0,3442f8959a84dea7ee197c632cb2df15,1,1,"['3442f8959a84dea7ee197c632cb2df15', 'e26901d5ab434ce92fd9b5c256820a4e', '7e3f87d16fb353f408d467e74fbd8014', '9140bd1d9de28b197dce077bdd687438', 'a2b911e9ad40dc7d61c142a4683e2d85', 'a56e351445e5863fc8960640ba9190c7', 'bb135baca94c82fcb731335ad5b04a03', 'a353b1083c9863d756d9404695016d64', 'b56828a9f9027f3c918c04ca720d9e3c', '6e0908ef4d4efadbc3cc2b74ea477cb0']","[np.int64(1), np.int64(1), np.int64(1), np.int64(1), np.int64(1), np.int64(1), np.int64(1), np.int64(1), np.int64(1), np.int64(1)]"
olist_sellers_dataset,seller_zip_code_prefix,int64,3095,0,3095,0,0.0,2246,1709,1386,72.5686591276252,1001.0,99730.0,32291.059450726978,14940.0,32713.45382950907,7093.5,14940.0,64552.5,0,0.0,4,5,4.668174474959613,,,,14940,49,1,"[14940, 13660, 13920, 16200, 87050, 14020, 1026, 37540, 13481, 35530]","[np.int64(49), np.int64(10), np.int64(9), np.int64(9), np.int64(8), np.int64(8), np.int64(8), np.int64(7), np.int64(7), np.int64(6)]"
olist_sellers_dataset,seller_city,object,3095,0,3095,0,0.0,611,342,2753,19.741518578352178,,,,,,,,,0,0.0,2,40,10.167043618739903,2.0,40.0,10.167043618739903,sao paulo,694,1,"['sao paulo', 'curitiba', 'rio de janeiro', 'belo horizonte', 'ribeirao preto', 'guarulhos', 'ibitinga', 'santo andre', 'campinas', 'maringa']","[np.int64(694), np.int64(127), np.int64(96), np.int64(68), np.int64(52), np.int64(50), np.int64(49), np.int64(45), np.int64(41), np.int64(40)]"
olist_sellers_dataset,seller_state,object,3095,0,3095,0,0.0,23,5,3090,0.7431340872374798,,,,,,,,,0,0.0,2,2,2.0,2.0,2.0,2.0,SP,1849,1,"['SP', 'PR', 'MG', 'SC', 'RJ', 'RS', 'GO', 'DF', 'ES', 'BA']","[np.int64(1849), np.int64(349), np.int64(244), np.int64(190), np.int64(171), np.int64(129), np.int64(40), np.int64(30), np.int64(23), np.int64(19)]"
product_category_name_translation,product_id,int64,71,0,71,0,0.0,71,71,0,100.0,1.0,71.0,36.0,36.0,20.639767440550294,18.5,36.0,53.5,0,0.0,1,2,1.8732394366197183,,,,1,1,1,"[1, 46, 52, 51, 50, 49, 48, 47, 45, 54]","[np.int64(1), np.int64(1), np.int64(1), np.int64(1), np.int64(1), np.int64(1), np.int64(1), np.int64(1), np.int64(1), np.int64(1)]"
product_category_name_translation,product_category_name,object,71,0,71,0,0.0,71,71,0,100.0,,,,,,,,,0,0.0,3,46,16.971830985915492,3.0,46.0,16.971830985915492,beleza_saude,1,1,"['beleza_saude', 'alimentos', 'fashion_esporte', 'fashion_underwear_e_moda_praia', 'construcao_ferramentas_seguranca', 'livros_interesse_geral', 'moveis_quarto', 'artes', 'industria_comercio_e_negocios', 'pcs']","[np.int64(1), np.int64(1), np.int64(1), np.int64(1), np.int64(1), np.int64(1), np.int64(1), np.int64(1), np.int64(1), np.int64(1)]"
product_category_name_translation,product_category_name_english,object,71,0,71,0,0.0,71,71,0,100.0,,,,,,,,,0,0.0,3,39,16.070422535211268,3.0,39.0,16.070422535211268,health_beauty,1,1,"['health_beauty', 'food', 'fashion_sport', 'fashion_underwear_beach', 'construction_tools_safety', 'books_general_interest', 'furniture_bedroom', 'art', 'industry_commerce_and_business', 'computers']","[np.int64(1), np.int64(1), np.int64(1), np.int64(1), np.int64(1), np.int64(1), np.int64(1), np.int64(1), np.int64(1), np.int64(1)]"
